Inflation,Quarter,Value
CPI forecast,2022Q3,10.022126463
CPI forecast,2022Q4,11.072140804
CPI forecast,2023Q1,10.203907816
CPI forecast,2023Q2,8.922665228
CPI forecast,2023Q3,6.855489419
CPI forecast,2023Q4,3.751158566
CPI forecast,2024Q1,2.523049048
CPI forecast,2024Q2,0.395600044
CPI forecast,2024Q3,-0.204363708
CPI forecast,2024Q4,-0.147238179
CPI forecast,2025Q1,-0.092069238
CPI forecast,2025Q2,-0.628672295
CPI forecast,2025Q3,-1.112448019
CPI forecast,2025Q4,-1.265753842
CPI forecast,2026Q1,-1.027706333
CPI forecast,2026Q2,-0.377942041
CPI forecast,2026Q3,0.864828415
CPI forecast,2026Q4,1.247220021
CPI forecast,2027Q1,1.495149387
CPI forecast,2027Q2,1.654298165
CPI forecast,2027Q3,1.810326593
CPI forecast,2027Q4,1.900425676
CPI forecast,2028Q1,1.999914806
CPI forecast index,2022Q3,123.150333333
CPI forecast index,2022Q4,127.054681385
CPI forecast index,2023Q1,127.770043375
CPI forecast index,2023Q2,131.668259257
CPI forecast index,2023Q3,131.592891405
CPI forecast index,2023Q4,131.820703950
CPI forecast index,2024Q1,130.993744238
CPI forecast index,2024Q2,132.189138948
CPI forecast index,2024Q3,131.323963292
CPI forecast index,2024Q4,131.626613546
CPI forecast index,2025Q1,130.873139296
CPI forecast index,2025Q2,131.358102454
CPI forecast index,2025Q3,129.863052463
CPI forecast index,2025Q4,129.960544627
CPI forecast index,2026Q1,129.528147755
CPI forecast index,2026Q2,130.861644961
CPI forecast index,2026Q3,130.986145042
CPI forecast index,2026Q4,131.581438560
CPI forecast index,2027Q1,131.464787063
CPI forecast index,2027Q2,133.026486751
CPI forecast index,2027Q3,133.357422059
CPI forecast index,2027Q4,134.082046003
CPI forecast index,2028Q1,134.093970804
CPI outturn,1997Q1,1.908957416
CPI outturn,1997Q2,1.596516691
CPI outturn,1997Q3,2.031930334
CPI outturn,1997Q4,1.729106628
CPI outturn,1998Q1,1.585014409
CPI outturn,1998Q2,1.857142857
CPI outturn,1998Q3,1.280227596
CPI outturn,1998Q4,1.416430595
CPI outturn,1999Q1,1.560283688
CPI outturn,1999Q2,1.402524544
CPI outturn,1999Q3,1.264044944
CPI outturn,1999Q4,1.256983240
CPI outturn,2000Q1,0.698324022
CPI outturn,2000Q2,0.553250346
CPI outturn,2000Q3,0.832177531
CPI outturn,2000Q4,0.965517241
CPI outturn,2001Q1,0.970873786
CPI outturn,2001Q2,1.513067400
CPI outturn,2001Q3,1.513067400
CPI outturn,2001Q4,0.956284153
CPI outturn,2002Q1,1.510989011
CPI outturn,2002Q2,0.948509485
CPI outturn,2002Q3,1.084010840
CPI outturn,2002Q4,1.488497970
CPI outturn,2003Q1,1.488497970
CPI outturn,2003Q2,1.342281879
CPI outturn,2003Q3,1.340482574
CPI outturn,2003Q4,1.333333333
CPI outturn,2004Q1,1.2
CPI outturn,2004Q2,1.324503311
CPI outturn,2004Q3,1.322751323
CPI outturn,2004Q4,1.447368421
CPI outturn,2005Q1,1.844532279
CPI outturn,2005Q2,1.960784314
CPI outturn,2005Q3,2.349869452
CPI outturn,2005Q4,2.204928664
CPI outturn,2006Q1,1.811125485
CPI outturn,2006Q2,2.307692308
CPI outturn,2006Q3,2.423469388
CPI outturn,2006Q4,2.664974619
CPI outturn,2007Q1,2.922490470
CPI outturn,2007Q2,2.506265664
CPI outturn,2007Q3,1.743462017
CPI outturn,2007Q4,2.101359703
CPI outturn,2008Q1,2.375720165
CPI outturn,2008Q2,3.419722901
CPI outturn,2008Q3,4.838841289
CPI outturn,2008Q4,3.824051655
CPI outturn,2009Q1,3.005551246
CPI outturn,2009Q2,2.088718321
CPI outturn,2009Q3,1.489726027
CPI outturn,2009Q4,2.103188793
CPI outturn,2010Q1,3.274536585
CPI outturn,2010Q2,3.456673858
CPI outturn,2010Q3,3.085264659
CPI outturn,2010Q4,3.376261482
CPI outturn,2011Q1,4.118409468
CPI outturn,2011Q2,4.377184768
CPI outturn,2011Q3,4.705877977
CPI outturn,2011Q4,4.645818910
CPI outturn,2012Q1,3.490237352
CPI outturn,2012Q2,2.755359530
CPI outturn,2012Q3,2.412561948
CPI outturn,2012Q4,2.669861915
CPI outturn,2013Q1,2.776365301
CPI outturn,2013Q2,2.679388224
CPI outturn,2013Q3,2.708862340
CPI outturn,2013Q4,2.102762897
CPI outturn,2014Q1,1.739151204
CPI outturn,2014Q2,1.720563426
CPI outturn,2014Q3,1.456000811
CPI outturn,2014Q4,0.935231995
CPI outturn,2015Q1,0.100613406
CPI outturn,2015Q2,-0.016651514
CPI outturn,2015Q3,0.009653923
CPI outturn,2015Q4,0.067181056
CPI outturn,2016Q1,0.346767358
CPI outturn,2016Q2,0.351405455
CPI outturn,2016Q3,0.726304402
CPI outturn,2016Q4,1.211106015
CPI outturn,2017Q1,2.143529679
CPI outturn,2017Q2,2.742981565
CPI outturn,2017Q3,2.816854865
CPI outturn,2017Q4,3.021745270
CPI outturn,2018Q1,2.717650674
CPI outturn,2018Q2,2.416473370
CPI outturn,2018Q3,2.515339198
CPI outturn,2018Q4,2.268206854
CPI outturn,2019Q1,1.875
CPI outturn,2019Q2,2.047807408
CPI outturn,2019Q3,1.832848942
CPI outturn,2019Q4,1.413459501
CPI outturn,2020Q1,1.667124811
CPI outturn,2020Q2,0.616665739
CPI outturn,2020Q3,0.596669366
CPI outturn,2020Q4,0.533531666
CPI outturn,2021Q1,0.609581865
CPI outturn,2021Q2,2.051863389
CPI outturn,2021Q3,2.771614214
CPI outturn,2021Q4,4.907448451
CPI outturn,2022Q1,6.219518526
CPI outturn,2022Q2,9.169205390
CPI outturn,2022Q3,10.022126463
CPI outturn index,1996Q1,68.1
CPI outturn index,1996Q2,68.9
CPI outturn index,1996Q3,68.9
CPI outturn index,1996Q4,69.4
CPI outturn index,1997Q1,69.4
CPI outturn index,1997Q2,70
CPI outturn index,1997Q3,70.3
CPI outturn index,1997Q4,70.6
CPI outturn index,1998Q1,70.5
CPI outturn index,1998Q2,71.3
CPI outturn index,1998Q3,71.2
CPI outturn index,1998Q4,71.6
CPI outturn index,1999Q1,71.6
CPI outturn index,1999Q2,72.3
CPI outturn index,1999Q3,72.1
CPI outturn index,1999Q4,72.5
CPI outturn index,2000Q1,72.1
CPI outturn index,2000Q2,72.7
CPI outturn index,2000Q3,72.7
CPI outturn index,2000Q4,73.2
CPI outturn index,2001Q1,72.8
CPI outturn index,2001Q2,73.8
CPI outturn index,2001Q3,73.8
CPI outturn index,2001Q4,73.9
CPI outturn index,2002Q1,73.9
CPI outturn index,2002Q2,74.5
CPI outturn index,2002Q3,74.6
CPI outturn index,2002Q4,75
CPI outturn index,2003Q1,75
CPI outturn index,2003Q2,75.5
CPI outturn index,2003Q3,75.6
CPI outturn index,2003Q4,76
CPI outturn index,2004Q1,75.9
CPI outturn index,2004Q2,76.5
CPI outturn index,2004Q3,76.6
CPI outturn index,2004Q4,77.1
CPI outturn index,2005Q1,77.3
CPI outturn index,2005Q2,78
CPI outturn index,2005Q3,78.4
CPI outturn index,2005Q4,78.8
CPI outturn index,2006Q1,78.7
CPI outturn index,2006Q2,79.8
CPI outturn index,2006Q3,80.3
CPI outturn index,2006Q4,80.9
CPI outturn index,2007Q1,81
CPI outturn index,2007Q2,81.8
CPI outturn index,2007Q3,81.7
CPI outturn index,2007Q4,82.6
CPI outturn index,2008Q1,82.924333333
CPI outturn index,2008Q2,84.597333333
CPI outturn index,2008Q3,85.653333333
CPI outturn index,2008Q4,85.758666667
CPI outturn index,2009Q1,85.416666667
CPI outturn index,2009Q2,86.364333333
CPI outturn index,2009Q3,86.929333333
CPI outturn index,2009Q4,87.562333333
CPI outturn index,2010Q1,88.213666667
CPI outturn index,2010Q2,89.349666667
CPI outturn index,2010Q3,89.611333333
CPI outturn index,2010Q4,90.518666667
CPI outturn index,2011Q1,91.846666667
CPI outturn index,2011Q2,93.260666667
CPI outturn index,2011Q3,93.828333333
CPI outturn index,2011Q4,94.724
CPI outturn index,2012Q1,95.052333333
CPI outturn index,2012Q2,95.830333333
CPI outturn index,2012Q3,96.092
CPI outturn index,2012Q4,97.253
CPI outturn index,2013Q1,97.691333333
CPI outturn index,2013Q2,98.398
CPI outturn index,2013Q3,98.695
CPI outturn index,2013Q4,99.298
CPI outturn index,2014Q1,99.390333333
CPI outturn index,2014Q2,100.091
CPI outturn index,2014Q3,100.132
CPI outturn index,2014Q4,100.226666667
CPI outturn index,2015Q1,99.490333333
CPI outturn index,2015Q2,100.074333333
CPI outturn index,2015Q3,100.141666667
CPI outturn index,2015Q4,100.294
CPI outturn index,2016Q1,99.835333333
CPI outturn index,2016Q2,100.426
CPI outturn index,2016Q3,100.869
CPI outturn index,2016Q4,101.508666667
CPI outturn index,2017Q1,101.975333333
CPI outturn index,2017Q2,103.180666667
CPI outturn index,2017Q3,103.710333333
CPI outturn index,2017Q4,104.576
CPI outturn index,2018Q1,104.746666667
CPI outturn index,2018Q2,105.674
CPI outturn index,2018Q3,106.319
CPI outturn index,2018Q4,106.948
CPI outturn index,2019Q1,106.710666667
CPI outturn index,2019Q2,107.838
CPI outturn index,2019Q3,108.267666667
CPI outturn index,2019Q4,108.459666667
CPI outturn index,2020Q1,108.489666667
CPI outturn index,2020Q2,108.503
CPI outturn index,2020Q3,108.913666667
CPI outturn index,2020Q4,109.038333333
CPI outturn index,2021Q1,109.151
CPI outturn index,2021Q2,110.729333333
CPI outturn index,2021Q3,111.932333333
CPI outturn index,2021Q4,114.389333333
CPI outturn index,2022Q1,115.939666667
CPI outturn index,2022Q2,120.882333333
CPI outturn index,2022Q3,123.150333333
GDP deflator forecast,2022Q3,5.137453838
GDP deflator forecast,2022Q4,5.324096600
GDP deflator forecast,2023Q1,3.774958358
GDP deflator forecast,2023Q2,3.906520068
GDP deflator forecast,2023Q3,3.793303834
GDP deflator forecast,2023Q4,2.681196853
GDP deflator forecast,2024Q1,2.574199322
GDP deflator forecast,2024Q2,1.542807555
GDP deflator forecast,2024Q3,1.321254911
GDP deflator forecast,2024Q4,1.192254188
GDP deflator forecast,2025Q1,1.207527359
GDP deflator forecast,2025Q2,0.907939840
GDP deflator forecast,2025Q3,0.559516903
GDP deflator forecast,2025Q4,0.402440492
GDP deflator forecast,2026Q1,0.260927512
GDP deflator forecast,2026Q2,0.592916430
GDP deflator forecast,2026Q3,1.188227997
GDP deflator forecast,2026Q4,1.445391548
GDP deflator forecast,2027Q1,1.635348788
GDP deflator forecast,2027Q2,1.684400230
GDP deflator forecast,2027Q3,1.816874044
GDP deflator forecast,2027Q4,1.835561838
GDP deflator forecast,2028Q1,1.849172241
GDP deflator forecast index,2022Q3,111.235426161
GDP deflator forecast index,2022Q4,112.907431555
GDP deflator forecast index,2023Q1,113.426029486
GDP deflator forecast index,2023Q2,114.920611195
GDP deflator forecast index,2023Q3,115.454923846
GDP deflator forecast index,2023Q4,115.934702057
GDP deflator forecast index,2024Q1,116.345841568
GDP deflator forecast index,2024Q2,116.693615067
GDP deflator forecast index,2024Q3,116.980377696
GDP deflator forecast index,2024Q4,117.316938397
GDP deflator forecast index,2025Q1,117.750749435
GDP deflator forecast index,2025Q2,117.753122889
GDP deflator forecast index,2025Q3,117.634902683
GDP deflator forecast index,2025Q4,117.789069262
GDP deflator forecast index,2026Q1,118.057993536
GDP deflator forecast index,2026Q2,118.451300501
GDP deflator forecast index,2026Q3,119.032673531
GDP deflator forecast index,2026Q4,119.491582513
GDP deflator forecast index,2027Q1,119.988653503
GDP deflator forecast index,2027Q2,120.446494480
GDP deflator forecast index,2027Q3,121.195347280
GDP deflator forecast index,2027Q4,121.684924401
GDP deflator forecast index,2028Q1,122.207450375
GDP deflator outturn,2010Q1,1.420118343
GDP deflator outturn,2010Q2,1.416765053
GDP deflator outturn,2010Q3,0.821596244
GDP deflator outturn,2010Q4,2.130177515
GDP deflator outturn,2011Q1,2.333722287
GDP deflator outturn,2011Q2,1.513387660
GDP deflator outturn,2011Q3,2.328288708
GDP deflator outturn,2011Q4,2.317497103
GDP deflator outturn,2012Q1,1.026225770
GDP deflator outturn,2012Q2,1.949541284
GDP deflator outturn,2012Q3,1.478953356
GDP deflator outturn,2012Q4,1.359003398
GDP deflator outturn,2013Q1,2.031602709
GDP deflator outturn,2013Q2,2.024746907
GDP deflator outturn,2013Q3,2.578475336
GDP deflator outturn,2013Q4,2.122905028
GDP deflator outturn,2014Q1,1.659292035
GDP deflator outturn,2014Q2,0.992282249
GDP deflator outturn,2014Q3,1.202185792
GDP deflator outturn,2014Q4,1.312910284
GDP deflator outturn,2015Q1,0.979325354
GDP deflator outturn,2015Q2,0.873362445
GDP deflator outturn,2015Q3,0.215982721
GDP deflator outturn,2015Q4,0.755939525
GDP deflator outturn,2016Q1,1.185344828
GDP deflator outturn,2016Q2,1.731601732
GDP deflator outturn,2016Q3,2.155172414
GDP deflator outturn,2016Q4,2.250803859
GDP deflator outturn,2017Q1,2.023429180
GDP deflator outturn,2017Q2,2.127659574
GDP deflator outturn,2017Q3,1.476793249
GDP deflator outturn,2017Q4,1.677148847
GDP deflator outturn,2018Q1,1.461377871
GDP deflator outturn,2018Q2,1.770833333
GDP deflator outturn,2018Q3,1.871101871
GDP deflator outturn,2018Q4,1.855670103
GDP deflator outturn,2019Q1,1.748971193
GDP deflator outturn,2019Q2,2.047082907
GDP deflator outturn,2019Q3,2.346938776
GDP deflator outturn,2019Q4,2.327935223
GDP deflator outturn,2020Q1,3.640040445
GDP deflator outturn,2020Q2,10.531594784
GDP deflator outturn,2020Q3,5.782652044
GDP deflator outturn,2020Q4,4.747774481
GDP deflator outturn,2021Q1,4.585365854
GDP deflator outturn,2021Q2,-4.627949183
GDP deflator outturn,2021Q3,-0.282752121
GDP deflator outturn,2021Q4,1.227573182
GDP deflator outturn,2022Q1,1.958955224
GDP deflator outturn,2022Q2,5.233111323
GDP deflator outturn,2022Q3,5.137453838
GDP deflator outturn index,1996Q1,63.5
GDP deflator outturn index,1996Q2,64.7
GDP deflator outturn index,1996Q3,65.2
GDP deflator outturn index,1996Q4,65.6
GDP deflator outturn index,1997Q1,64.5
GDP deflator outturn index,1997Q2,64.5
GDP deflator outturn index,1997Q3,65.8
GDP deflator outturn index,1997Q4,64.6
GDP deflator outturn index,1998Q1,65.2
GDP deflator outturn index,1998Q2,65.5
GDP deflator outturn index,1998Q3,66.1
GDP deflator outturn index,1998Q4,66.5
GDP deflator outturn index,1999Q1,66.6
GDP deflator outturn index,1999Q2,66.8
GDP deflator outturn index,1999Q3,66.6
GDP deflator outturn index,1999Q4,67.1
GDP deflator outturn index,2000Q1,67.5
GDP deflator outturn index,2000Q2,67.5
GDP deflator outturn index,2000Q3,67.8
GDP deflator outturn index,2000Q4,67.8
GDP deflator outturn index,2001Q1,68.3
GDP deflator outturn index,2001Q2,69
GDP deflator outturn index,2001Q3,69.2
GDP deflator outturn index,2001Q4,69.1
GDP deflator outturn index,2002Q1,69.8
GDP deflator outturn index,2002Q2,70.3
GDP deflator outturn index,2002Q3,70.6
GDP deflator outturn index,2002Q4,71.1
GDP deflator outturn index,2003Q1,71.4
GDP deflator outturn index,2003Q2,72.2
GDP deflator outturn index,2003Q3,72.5
GDP deflator outturn index,2003Q4,72.6
GDP deflator outturn index,2004Q1,72.9
GDP deflator outturn index,2004Q2,74
GDP deflator outturn index,2004Q3,74.1
GDP deflator outturn index,2004Q4,75.4
GDP deflator outturn index,2005Q1,75.5
GDP deflator outturn index,2005Q2,76.4
GDP deflator outturn index,2005Q3,76.6
GDP deflator outturn index,2005Q4,76.8
GDP deflator outturn index,2006Q1,77.4
GDP deflator outturn index,2006Q2,78.5
GDP deflator outturn index,2006Q3,79.4
GDP deflator outturn index,2006Q4,79.2
GDP deflator outturn index,2007Q1,79.4
GDP deflator outturn index,2007Q2,80.8
GDP deflator outturn index,2007Q3,80.9
GDP deflator outturn index,2007Q4,80.8
GDP deflator outturn index,2008Q1,81.5
GDP deflator outturn index,2008Q2,82.6
GDP deflator outturn index,2008Q3,83.9
GDP deflator outturn index,2008Q4,84.7
GDP deflator outturn index,2009Q1,84.5
GDP deflator outturn index,2009Q2,84.7
GDP deflator outturn index,2009Q3,85.2
GDP deflator outturn index,2009Q4,84.5
GDP deflator outturn index,2010Q1,85.7
GDP deflator outturn index,2010Q2,85.9
GDP deflator outturn index,2010Q3,85.9
GDP deflator outturn index,2010Q4,86.3
GDP deflator outturn index,2011Q1,87.7
GDP deflator outturn index,2011Q2,87.2
GDP deflator outturn index,2011Q3,87.9
GDP deflator outturn index,2011Q4,88.3
GDP deflator outturn index,2012Q1,88.6
GDP deflator outturn index,2012Q2,88.9
GDP deflator outturn index,2012Q3,89.2
GDP deflator outturn index,2012Q4,89.5
GDP deflator outturn index,2013Q1,90.4
GDP deflator outturn index,2013Q2,90.7
GDP deflator outturn index,2013Q3,91.5
GDP deflator outturn index,2013Q4,91.4
GDP deflator outturn index,2014Q1,91.9
GDP deflator outturn index,2014Q2,91.6
GDP deflator outturn index,2014Q3,92.6
GDP deflator outturn index,2014Q4,92.6
GDP deflator outturn index,2015Q1,92.8
GDP deflator outturn index,2015Q2,92.4
GDP deflator outturn index,2015Q3,92.8
GDP deflator outturn index,2015Q4,93.3
GDP deflator outturn index,2016Q1,93.9
GDP deflator outturn index,2016Q2,94
GDP deflator outturn index,2016Q3,94.8
GDP deflator outturn index,2016Q4,95.4
GDP deflator outturn index,2017Q1,95.8
GDP deflator outturn index,2017Q2,96
GDP deflator outturn index,2017Q3,96.2
GDP deflator outturn index,2017Q4,97
GDP deflator outturn index,2018Q1,97.2
GDP deflator outturn index,2018Q2,97.7
GDP deflator outturn index,2018Q3,98
GDP deflator outturn index,2018Q4,98.8
GDP deflator outturn index,2019Q1,98.9
GDP deflator outturn index,2019Q2,99.7
GDP deflator outturn index,2019Q3,100.3
GDP deflator outturn index,2019Q4,101.1
GDP deflator outturn index,2020Q1,102.5
GDP deflator outturn index,2020Q2,110.2
GDP deflator outturn index,2020Q3,106.1
GDP deflator outturn index,2020Q4,105.9
GDP deflator outturn index,2021Q1,107.2
GDP deflator outturn index,2021Q2,105.1
GDP deflator outturn index,2021Q3,105.8
GDP deflator outturn index,2021Q4,107.2
GDP deflator outturn index,2022Q1,109.3
GDP deflator outturn index,2022Q2,110.6
GDP deflator outturn index,2022Q3,111.235426161
RPI forecast,2022Q3,12.425393150
RPI forecast,2022Q4,14.068926468
RPI forecast,2023Q1,13.824882449
RPI forecast,2023Q2,12.724201555
RPI forecast,2023Q3,10.469680609
RPI forecast,2023Q4,6.270103099
RPI forecast,2024Q1,4.140311042
RPI forecast,2024Q2,1.430102271
RPI forecast,2024Q3,0.365362396
RPI forecast,2024Q4,0.162043515
RPI forecast,2025Q1,0.154168183
RPI forecast,2025Q2,-0.318490306
RPI forecast,2025Q3,-0.622183917
RPI forecast,2025Q4,-0.623129510
RPI forecast,2026Q1,-0.295701433
RPI forecast,2026Q2,0.416633463
RPI forecast,2026Q3,1.680386970
RPI forecast,2026Q4,2.085505053
RPI forecast,2027Q1,2.352117200
RPI forecast,2027Q2,2.520895998
RPI forecast,2027Q3,2.671346059
RPI forecast,2027Q4,2.739441136
RPI forecast,2028Q1,2.816454905
RPI forecast index,2022Q3,345.333333
RPI forecast index,2022Q4,358.936889
RPI forecast index,2023Q1,364.770807
RPI forecast index,2023Q2,380.143582
RPI forecast index,2023Q3,381.48863
RPI forecast index,2023Q4,381.442602
RPI forecast index,2024Q1,379.873453
RPI forecast index,2024Q2,385.580024
RPI forecast index,2024Q3,382.882446
RPI forecast index,2024Q4,382.060705
RPI forecast index,2025Q1,380.459097
RPI forecast index,2025Q2,384.351989
RPI forecast index,2025Q3,380.500213
RPI forecast index,2025Q4,379.679972
RPI forecast index,2026Q1,379.334074
RPI forecast index,2026Q2,385.953328
RPI forecast index,2026Q3,386.894089
RPI forecast index,2026Q4,387.598217
RPI forecast index,2027Q1,388.256456
RPI forecast index,2027Q2,395.68281
RPI forecast index,2027Q3,397.229369
RPI forecast index,2027Q4,398.216242
RPI forecast index,2028Q1,399.191524
RPI outturn,1997Q1,2.650762094
RPI outturn,1997Q2,2.683246073
RPI outturn,1997Q3,3.461789680
RPI outturn,1997Q4,3.701298701
RPI outturn,1998Q1,3.421562298
RPI outturn,1998Q2,4.015296367
RPI outturn,1998Q3,3.345959596
RPI outturn,1998Q4,2.943018159
RPI outturn,1999Q1,2.184769039
RPI outturn,1999Q2,1.409313725
RPI outturn,1999Q3,1.160659743
RPI outturn,1999Q4,1.459854015
RPI outturn,2000Q1,2.321319487
RPI outturn,2000Q2,3.081570997
RPI outturn,2000Q3,3.200483092
RPI outturn,2000Q4,3.117505995
RPI outturn,2001Q1,2.567164179
RPI outturn,2001Q2,1.934349355
RPI outturn,2001Q3,1.813926273
RPI outturn,2001Q4,1.046511628
RPI outturn,2002Q1,1.222351572
RPI outturn,2002Q2,1.207590569
RPI outturn,2002Q3,1.494252874
RPI outturn,2002Q4,2.531645570
RPI outturn,2003Q1,3.047728580
RPI outturn,2003Q2,3.011363636
RPI outturn,2003Q3,2.944507361
RPI outturn,2003Q4,2.637485971
RPI outturn,2004Q1,2.566964286
RPI outturn,2004Q2,2.757859901
RPI outturn,2004Q3,3.080308031
RPI outturn,2004Q4,3.444505194
RPI outturn,2005Q1,3.210010881
RPI outturn,2005Q2,3.005904455
RPI outturn,2005Q3,2.774813234
RPI outturn,2005Q4,2.378435518
RPI outturn,2006Q1,2.372166579
RPI outturn,2006Q2,2.970297030
RPI outturn,2006Q3,3.478712357
RPI outturn,2006Q4,3.975219411
RPI outturn,2007Q1,4.531410917
RPI outturn,2007Q2,4.402834008
RPI outturn,2007Q3,3.913697943
RPI outturn,2007Q4,4.170804369
RPI outturn,2008Q1,3.990147783
RPI outturn,2008Q2,4.362578769
RPI outturn,2008Q3,4.957347497
RPI outturn,2008Q4,2.732761360
RPI outturn,2009Q1,-0.078951524
RPI outturn,2009Q2,-1.269546369
RPI outturn,2009Q3,-1.380156418
RPI outturn,2009Q4,0.618620476
RPI outturn,2010Q1,3.950695322
RPI outturn,2010Q2,5.143484397
RPI outturn,2010Q3,4.711553413
RPI outturn,2010Q4,4.672609899
RPI outturn,2011Q1,5.320766190
RPI outturn,2011Q2,5.115585384
RPI outturn,2011Q3,5.242055242
RPI outturn,2011Q4,5.124816446
RPI outturn,2012Q1,3.738452656
RPI outturn,2012Q2,3.107264472
RPI outturn,2012Q3,2.906730634
RPI outturn,2012Q4,3.087023327
RPI outturn,2013Q1,3.255878670
RPI outturn,2013Q2,3.096188248
RPI outturn,2013Q3,3.194844371
RPI outturn,2013Q4,2.628726287
RPI outturn,2014Q1,2.627678210
RPI outturn,2014Q2,2.495995729
RPI outturn,2014Q3,2.391708743
RPI outturn,2014Q4,1.967256403
RPI outturn,2015Q1,0.997899160
RPI outturn,2015Q2,0.976689673
RPI outturn,2015Q3,0.960290683
RPI outturn,2015Q4,0.984073547
RPI outturn,2016Q1,1.391055642
RPI outturn,2016Q2,1.444415785
RPI outturn,2016Q3,1.889460154
RPI outturn,2016Q4,2.243877420
RPI outturn,2017Q1,2.987562380
RPI outturn,2017Q2,3.559623570
RPI outturn,2017Q3,3.784533745
RPI outturn,2017Q4,3.987960873
RPI outturn,2018Q1,3.635458421
RPI outturn,2018Q2,3.351338084
RPI outturn,2018Q3,3.318342049
RPI outturn,2018Q4,3.075253256
RPI outturn,2019Q1,2.486785196
RPI outturn,2019Q2,2.981351827
RPI outturn,2019Q3,2.611764709
RPI outturn,2019Q4,2.176202176
RPI outturn,2020Q1,2.590551867
RPI outturn,2020Q2,1.211072664
RPI outturn,2020Q3,1.100664986
RPI outturn,2020Q4,1.133631055
RPI outturn,2021Q1,1.405393055
RPI outturn,2021Q2,3.361823248
RPI outturn,2021Q3,4.502154916
RPI outturn,2021Q4,6.884058084
RPI outturn,2022Q1,8.326760798
RPI outturn,2022Q2,11.543550178
RPI outturn,2022Q3,12.425393150
RPI outturn index,1996Q1,150.9
RPI outturn index,1996Q2,152.8
RPI outturn index,1996Q3,153.1
RPI outturn index,1996Q4,154
RPI outturn index,1997Q1,154.9
RPI outturn index,1997Q2,156.9
RPI outturn index,1997Q3,158.4
RPI outturn index,1997Q4,159.7
RPI outturn index,1998Q1,160.2
RPI outturn index,1998Q2,163.2
RPI outturn index,1998Q3,163.7
RPI outturn index,1998Q4,164.4
RPI outturn index,1999Q1,163.7
RPI outturn index,1999Q2,165.5
RPI outturn index,1999Q3,165.6
RPI outturn index,1999Q4,166.8
RPI outturn index,2000Q1,167.5
RPI outturn index,2000Q2,170.6
RPI outturn index,2000Q3,170.9
RPI outturn index,2000Q4,172
RPI outturn index,2001Q1,171.8
RPI outturn index,2001Q2,173.9
RPI outturn index,2001Q3,174
RPI outturn index,2001Q4,173.8
RPI outturn index,2002Q1,173.9
RPI outturn index,2002Q2,176
RPI outturn index,2002Q3,176.6
RPI outturn index,2002Q4,178.2
RPI outturn index,2003Q1,179.2
RPI outturn index,2003Q2,181.3
RPI outturn index,2003Q3,181.8
RPI outturn index,2003Q4,182.9
RPI outturn index,2004Q1,183.8
RPI outturn index,2004Q2,186.3
RPI outturn index,2004Q3,187.4
RPI outturn index,2004Q4,189.2
RPI outturn index,2005Q1,189.7
RPI outturn index,2005Q2,191.9
RPI outturn index,2005Q3,192.6
RPI outturn index,2005Q4,193.7
RPI outturn index,2006Q1,194.2
RPI outturn index,2006Q2,197.6
RPI outturn index,2006Q3,199.3
RPI outturn index,2006Q4,201.4
RPI outturn index,2007Q1,203
RPI outturn index,2007Q2,206.3
RPI outturn index,2007Q3,207.1
RPI outturn index,2007Q4,209.8
RPI outturn index,2008Q1,211.1
RPI outturn index,2008Q2,215.3
RPI outturn index,2008Q3,217.366666667
RPI outturn index,2008Q4,215.533333333
RPI outturn index,2009Q1,210.933333333
RPI outturn index,2009Q2,212.566666667
RPI outturn index,2009Q3,214.366666667
RPI outturn index,2009Q4,216.866666667
RPI outturn index,2010Q1,219.266666667
RPI outturn index,2010Q2,223.5
RPI outturn index,2010Q3,224.466666667
RPI outturn index,2010Q4,227
RPI outturn index,2011Q1,230.933333333
RPI outturn index,2011Q2,234.933333333
RPI outturn index,2011Q3,236.233333333
RPI outturn index,2011Q4,238.633333333
RPI outturn index,2012Q1,239.566666667
RPI outturn index,2012Q2,242.233333333
RPI outturn index,2012Q3,243.1
RPI outturn index,2012Q4,246
RPI outturn index,2013Q1,247.366666667
RPI outturn index,2013Q2,249.733333333
RPI outturn index,2013Q3,250.866666667
RPI outturn index,2013Q4,252.466666667
RPI outturn index,2014Q1,253.866666667
RPI outturn index,2014Q2,255.966666667
RPI outturn index,2014Q3,256.866666667
RPI outturn index,2014Q4,257.433333333
RPI outturn index,2015Q1,256.4
RPI outturn index,2015Q2,258.466666667
RPI outturn index,2015Q3,259.333333333
RPI outturn index,2015Q4,259.966666667
RPI outturn index,2016Q1,259.966666667
RPI outturn index,2016Q2,262.2
RPI outturn index,2016Q3,264.233333333
RPI outturn index,2016Q4,265.8
RPI outturn index,2017Q1,267.733333
RPI outturn index,2017Q2,271.533333
RPI outturn index,2017Q3,274.233333
RPI outturn index,2017Q4,276.4
RPI outturn index,2018Q1,277.466667
RPI outturn index,2018Q2,280.633333
RPI outturn index,2018Q3,283.333333
RPI outturn index,2018Q4,284.9
RPI outturn index,2019Q1,284.366667
RPI outturn index,2019Q2,289
RPI outturn index,2019Q3,290.733333
RPI outturn index,2019Q4,291.1
RPI outturn index,2020Q1,291.733333
RPI outturn index,2020Q2,292.5
RPI outturn index,2020Q3,293.933333
RPI outturn index,2020Q4,294.4
RPI outturn index,2021Q1,295.833333
RPI outturn index,2021Q2,302.333333
RPI outturn index,2021Q3,307.166667
RPI outturn index,2021Q4,314.666667
RPI outturn index,2022Q1,320.466667
RPI outturn index,2022Q2,337.233333
RPI outturn index,2022Q3,345.333333
RPIX forecast,2022Q3,12.320483749
RPIX forecast,2022Q4,12.947364722
RPIX forecast,2023Q1,12.082472796
RPIX forecast,2023Q2,10.595386308
RPIX forecast,2023Q3,8.105268148
RPIX forecast,2023Q4,4.543917008
RPIX forecast,2024Q1,2.777348843
RPIX forecast,2024Q2,0.402746678
RPIX forecast,2024Q3,-0.348091150
RPIX forecast,2024Q4,-0.248344385
RPIX forecast,2025Q1,-0.010982863
RPIX forecast,2025Q2,-0.341660626
RPIX forecast,2025Q3,-0.597935767
RPIX forecast,2025Q4,-0.588930858
RPIX forecast,2026Q1,-0.244429090
RPIX forecast,2026Q2,0.474999545
RPIX forecast,2026Q3,1.782700475
RPIX forecast,2026Q4,2.194244050
RPIX forecast,2027Q1,2.462997318
RPIX forecast,2027Q2,2.639766810
RPIX forecast,2027Q3,2.814134005
RPIX forecast,2027Q4,2.918212131
RPIX forecast,2028Q1,3.026742384
RPIX forecast index,2022Q3,346.733333333
RPIX forecast index,2022Q4,357.327812860
RPIX forecast index,2023Q1,361.167088172
RPIX forecast index,2023Q2,375.028954972
RPIX forecast index,2023Q3,374.836999758
RPIX forecast index,2023Q4,373.564492125
RPIX forecast index,2024Q1,371.197958116
RPIX forecast index,2024Q2,376.539371630
RPIX forecast index,2024Q3,373.532225337
RPIX forecast index,2024Q4,372.636765684
RPIX forecast index,2025Q1,371.157189953
RPIX forecast index,2025Q2,375.252884854
RPIX forecast index,2025Q3,371.298742562
RPIX forecast index,2025Q4,370.442192782
RPIX forecast index,2026Q1,370.249973813
RPIX forecast index,2026Q2,377.035334349
RPIX forecast index,2026Q3,377.917887007
RPIX forecast index,2026Q4,378.570598556
RPIX forecast index,2027Q1,379.369220738
RPIX forecast index,2027Q2,386.988187968
RPIX forecast index,2027Q3,388.553002776
RPIX forecast index,2027Q4,389.618091688
RPIX forecast index,2028Q1,390.851749733
RPIX outturn,1997Q1,2.864756829
RPIX outturn,1997Q2,2.559055118
RPIX outturn,1997Q3,2.814136126
RPIX outturn,1997Q4,2.795838752
RPIX outturn,1998Q1,2.590673575
RPIX outturn,1998Q2,2.943058221
RPIX outturn,1998Q3,2.546148950
RPIX outturn,1998Q4,2.530044276
RPIX outturn,1999Q1,2.525252525
RPIX outturn,1999Q2,2.299564947
RPIX outturn,1999Q3,2.172563625
RPIX outturn,1999Q4,2.159161012
RPIX outturn,2000Q1,2.093596059
RPIX outturn,2000Q2,2.065613609
RPIX outturn,2000Q3,2.126366950
RPIX outturn,2000Q4,2.113526570
RPIX outturn,2001Q1,1.869722557
RPIX outturn,2001Q2,2.261904762
RPIX outturn,2001Q3,2.379535990
RPIX outturn,2001Q4,1.951507983
RPIX outturn,2002Q1,2.368265246
RPIX outturn,2002Q2,1.862630966
RPIX outturn,2002Q3,1.975595584
RPIX outturn,2002Q4,2.610208817
RPIX outturn,2003Q1,2.891844997
RPIX outturn,2003Q2,2.914285714
RPIX outturn,2003Q3,2.849002849
RPIX outturn,2003Q4,2.600339175
RPIX outturn,2004Q1,2.304665542
RPIX outturn,2004Q2,2.165463631
RPIX outturn,2004Q3,2.105263158
RPIX outturn,2004Q4,2.258953168
RPIX outturn,2005Q1,2.197802198
RPIX outturn,2005Q2,2.228260870
RPIX outturn,2005Q3,2.387411829
RPIX outturn,2005Q4,2.262931034
RPIX outturn,2006Q1,2.204301075
RPIX outturn,2006Q2,2.817650186
RPIX outturn,2006Q3,3.232644409
RPIX outturn,2006Q4,3.477344573
RPIX outturn,2007Q1,3.734876381
RPIX outturn,2007Q2,3.412616339
RPIX outturn,2007Q3,2.720739220
RPIX outturn,2007Q4,3.105906314
RPIX outturn,2008Q1,3.498985801
RPIX outturn,2008Q2,4.383333333
RPIX outturn,2008Q3,5.347326337
RPIX outturn,2008Q4,3.786008230
RPIX outturn,2009Q1,2.384452066
RPIX outturn,2009Q2,1.437011017
RPIX outturn,2009Q3,1.312460468
RPIX outturn,2009Q4,2.791435369
RPIX outturn,2010Q1,4.546179614
RPIX outturn,2010Q2,5.162915158
RPIX outturn,2010Q3,4.682378648
RPIX outturn,2010Q4,4.659774726
RPIX outturn,2011Q1,5.340250229
RPIX outturn,2011Q2,5.178865439
RPIX outturn,2011Q3,5.352616669
RPIX outturn,2011Q4,5.277900634
RPIX outturn,2012Q1,3.823870220
RPIX outturn,2012Q2,3.145012096
RPIX outturn,2012Q3,2.901217096
RPIX outturn,2012Q4,3.010782804
RPIX outturn,2013Q1,3.236607143
RPIX outturn,2013Q2,3.062913907
RPIX outturn,2013Q3,3.218264338
RPIX outturn,2013Q4,2.705274606
RPIX outturn,2014Q1,2.675675676
RPIX outturn,2014Q2,2.597054886
RPIX outturn,2014Q3,2.478347768
RPIX outturn,2014Q4,2.025148908
RPIX outturn,2015Q1,1.026585944
RPIX outturn,2015Q2,1.004697286
RPIX outturn,2015Q3,1.027174620
RPIX outturn,2015Q4,1.050856253
RPIX outturn,2016Q1,1.472120896
RPIX outturn,2016Q2,1.524350859
RPIX outturn,2016Q3,2.007722008
RPIX outturn,2016Q4,2.477853383
RPIX outturn,2017Q1,3.261009115
RPIX outturn,2017Q2,3.830003817
RPIX outturn,2017Q3,4.024728741
RPIX outturn,2017Q4,4.096717615
RPIX outturn,2018Q1,3.680218824
RPIX outturn,2018Q2,3.382352941
RPIX outturn,2018Q3,3.298969072
RPIX outturn,2018Q4,3.008785654
RPIX outturn,2019Q1,2.446336491
RPIX outturn,2019Q2,2.939781887
RPIX outturn,2019Q3,2.583069156
RPIX outturn,2019Q4,2.219885501
RPIX outturn,2020Q1,2.668851691
RPIX outturn,2020Q2,1.381851681
RPIX outturn,2020Q3,1.339132425
RPIX outturn,2020Q4,1.360155446
RPIX outturn,2021Q1,1.596169194
RPIX outturn,2021Q2,3.509768287
RPIX outturn,2021Q3,4.596792410
RPIX outturn,2021Q4,7.025259359
RPIX outturn,2022Q1,8.483896308
RPIX outturn,2022Q2,11.631734884
RPIX outturn,2022Q3,12.320483749
